"counter","unitid","floorplangroup","floorplanid","location","manufacturer","make","model","class","designation","stocknumber","vin","year","age","holdtype","msrp","dsrp","unitstatus","totalcost","nada","ordernumber","basecost","basefreightcost","invoice","consignmentamount","orderdate","receiveddate","userdefinedamt1","percent_gp_of_dsrp","percent_gp_of_unlock","floorprice","product_description","cost_sheet_invoice","invoice_pre_freight","freight","price_protection_rebate","manufacturer_to_dealer_rebate","nada_original","major_unit_header_id","unit_data_source","userdefinedamt2","userdefinedamt3","igh","max_p","max_r","tradedealid","true_total_cost","makeid","productionzone","pp_created_date","single_pp_created_date","dsrp_variance_flag","msrp_variance_flag","sub_location_name","sub_location_id","cmf_id","current_location","repname","repemail","repphone","consignment_total_cost","CodeName"
"2966",NULL,NULL,NULL,"JOR","Jayco","PINNACLE","38KPTS","FW","New","L00094","",2025,46005,"","146461.00","109995.00","In Inventory","0.00","0.00","","0.00","0.00","0.00","0.00","1000-01-01","1900-01-01","109895.00","1.000","1.000","0.00","Jayco PINNACLE 38KPTS","-186.06","0.00","-186.06","0.00","0.00","0.00",250075346,"majorunit","0.00","0.00","0.00","0.00","0.00",NULL,"0.00",NULL,NULL,NULL,NULL,False,False,NULL,NULL,"76226216","JOR",NULL,NULL,NULL,NULL,""
"2947",NULL,NULL,NULL,"JOR","Jayco","NORTH POINT","382FLRB","FW","New","L00087","",2025,46005,"","148411.00","112495.00","In Inventory","0.00","0.00","","0.00","0.00","0.00","0.00","1000-01-01","1900-01-01","112395.00","1.000","1.000","0.00","Jayco NORTH POINT 382FLRB","-186.06","0.00","-186.06","0.00","0.00","0.00",250074016,"majorunit","0.00","0.00","0.00","0.00","0.00",NULL,"0.00",NULL,NULL,NULL,NULL,False,False,NULL,NULL,"76226216","JOR",NULL,NULL,NULL,NULL,""
"2082",NULL,NULL,NULL,"JOR","Jayco","PINNACLE","38FBRK","FW","New","L00092","",2025,46005,"","151111.00","113995.00","In Inventory","0.00","0.00","","0.00","0.00","0.00","0.00","1000-01-01","1900-01-01","113895.00","1.000","1.000","0.00","Jayco PINNACLE 38FBRK","-186.06","0.00","-186.06","0.00","0.00","0.00",250075344,"majorunit","0.00","0.00","0.00","0.00","0.00",NULL,"0.00",NULL,NULL,NULL,NULL,False,False,NULL,NULL,"76226216","JOR",NULL,NULL,NULL,NULL,""
"3133",NULL,NULL,NULL,"JOR","Jayco","PINNACLE","38FLGS","FW","New","L00093","",2025,46005,"","160786.00","122495.00","In Inventory","0.00","0.00","","0.00","0.00","0.00","0.00","1000-01-01","1900-01-01","121995.00","1.000","1.000","0.00","Jayco PINNACLE 38FLGS","-186.06","0.00","-186.06","0.00","0.00","0.00",250075345,"majorunit","0.00","0.00","0.00","0.00","0.00",NULL,"0.00",NULL,NULL,NULL,NULL,False,False,NULL,NULL,"76226216","JOR",NULL,NULL,NULL,NULL,""
"2989",NULL,NULL,NULL,"JOR","Jayco","NORTH POINT","365RKTS","FW","New","L00084","",2025,46005,"","136936.00","100995.00","In Inventory","0.00","0.00","","0.00","0.00","0.00","0.00","1000-01-01","1900-01-01","0.00","1.000",NULL,"0.00","Jayco NORTH POINT 365RKTS","-186.06","0.00","-186.06","0.00","0.00","0.00",250073987,"majorunit","0.00","0.00","0.00","0.00","0.00",NULL,"0.00",NULL,NULL,NULL,NULL,False,False,NULL,NULL,"76226216","JOR",NULL,NULL,NULL,NULL,""
"2954",NULL,NULL,NULL,"JOR","Jayco","NORTH POINT","377RLBH","FW","New","L00085","",2025,46005,"","140551.00","105495.00","In Inventory","0.00","0.00","","0.00","0.00","0.00","0.00","1000-01-01","1900-01-01","105395.00","1.000","1.000","0.00","Jayco NORTH POINT 377RLBH","-186.06","0.00","-186.06","0.00","0.00","0.00",250073999,"majorunit","0.00","0.00","0.00","0.00","0.00",NULL,"0.00",NULL,NULL,NULL,NULL,False,False,NULL,NULL,"76226216","JOR",NULL,NULL,NULL,NULL,""
"2965",NULL,NULL,NULL,"JOR","Jayco","NORTH POINT","390CKDS","FW","New","L00089","",2025,46005,"","147518.00","111495.00","In Inventory","0.00","0.00","","0.00","0.00","0.00","0.00","1000-01-01","1900-01-01","111395.00","1.000","1.000","0.00","Jayco NORTH POINT 390CKDS","-186.06","0.00","-186.06","0.00","0.00","0.00",250074034,"majorunit","0.00","0.00","0.00","0.00","0.00",NULL,"0.00",NULL,NULL,NULL,NULL,False,False,NULL,NULL,"76226216","JOR",NULL,NULL,NULL,NULL,""
"3188",NULL,NULL,NULL,"JOR","Jayco","PINNACLE","32RLTS","FW","New","L00090","",2025,46005,"","143186.00","106995.00","In Inventory","0.00","0.00","","0.00","0.00","0.00","0.00","1000-01-01","1900-01-01","106895.00","1.000","1.000","0.00","Jayco PINNACLE 32RLTS","-186.06","0.00","-186.06","0.00","0.00","0.00",250075342,"majorunit","0.00","0.00","0.00","0.00","0.00",NULL,"0.00",NULL,NULL,NULL,NULL,False,False,NULL,NULL,"76226216","JOR",NULL,NULL,NULL,NULL,""
"2986",NULL,NULL,NULL,"JOR","Jayco","NORTH POINT","310RLTS","FW","New","L00082","",2025,46005,"","129668.00","96495.00","In Inventory","0.00","0.00","","0.00","0.00","0.00","0.00","1000-01-01","1900-01-01","96395.00","1.000","1.000","0.00","Jayco NORTH POINT 310RLTS","-186.06","0.00","-186.06","0.00","0.00","0.00",250073966,"majorunit","0.00","0.00","0.00","0.00","0.00",NULL,"0.00",NULL,NULL,NULL,NULL,False,False,NULL,NULL,"76226216","JOR",NULL,NULL,NULL,NULL,""
"2974",NULL,NULL,NULL,"JOR","Jayco","PINNACLE","36FBTS","FW","New","L00091","",2025,46005,"","146918.00","110495.00","In Inventory","0.00","0.00","","0.00","0.00","0.00","0.00","1000-01-01","1900-01-01","110395.00","1.000","1.000","0.00","Jayco PINNACLE 36FBTS","-186.06","0.00","-186.06","0.00","0.00","0.00",250075343,"majorunit","0.00","0.00","0.00","0.00","0.00",NULL,"0.00",NULL,NULL,NULL,NULL,False,False,NULL,NULL,"76226216","JOR",NULL,NULL,NULL,NULL,""
"3022",NULL,NULL,NULL,"JOR","Jayco","EAGLE HT","29DDB","FW","New","L00071","",2025,46005,"","73749.00","52495.00","In Inventory","0.00","0.00","","0.00","0.00","0.00","0.00","1000-01-01","1900-01-01","52395.00","1.000","1.000","0.00","Jayco EAGLE HT 29DDB","-186.06","0.00","-186.06","0.00","0.00","0.00",250073840,"majorunit","0.00","0.00","0.00","0.00","0.00",NULL,"0.00",NULL,NULL,NULL,NULL,False,False,NULL,NULL,"76226216","JOR",NULL,NULL,NULL,NULL,""
"2983",NULL,NULL,NULL,"JOR","Jayco","EAGLE","335RDOK","FW","New","L00078","",2025,46005,"","101048.00","79495.00","In Inventory","0.00","0.00","","0.00","0.00","0.00","0.00","1000-01-01","1900-01-01","79395.00","1.000","1.000","0.00","Jayco EAGLE 335RDOK","-186.06","0.00","-186.06","0.00","0.00","0.00",250073931,"majorunit","0.00","0.00","0.00","0.00","0.00",NULL,"0.00",NULL,NULL,NULL,NULL,False,False,NULL,NULL,"76226216","JOR",NULL,NULL,NULL,NULL,""
"2090",NULL,NULL,NULL,"JOR","Jayco","EAGLE HT","27MLC","FW","New","L00068","",2025,46005,"","72249.00","54995.00","In Inventory","0.00","0.00","","0.00","0.00","0.00","0.00","1000-01-01","1900-01-01","54895.00","1.000","1.000","0.00","Jayco EAGLE HT 27MLC","-186.06","0.00","-186.06","0.00","0.00","0.00",250073802,"majorunit","0.00","0.00","0.00","0.00","0.00",NULL,"0.00",NULL,NULL,NULL,NULL,False,False,NULL,NULL,"76226216","JOR",NULL,NULL,NULL,NULL,""
"2984",NULL,NULL,NULL,"JOR","Jayco","NORTH POINT","340CKTS","FW","New","L00083","",2025,46005,"","132668.00","98995.00","In Inventory","0.00","0.00","","0.00","0.00","0.00","0.00","1000-01-01","1900-01-01","98895.00","1.000","1.000","0.00","Jayco NORTH POINT 340CKTS","-186.06","0.00","-186.06","0.00","0.00","0.00",250073974,"majorunit","0.00","0.00","0.00","0.00","0.00",NULL,"0.00",NULL,NULL,NULL,NULL,False,False,NULL,NULL,"76226216","JOR",NULL,NULL,NULL,NULL,""
"2949",NULL,NULL,NULL,"JOR","Jayco","NORTH POINT","381CKRE","FW","New","L00086","",2025,46005,"","142486.00","106995.00","In Inventory","0.00","0.00","","0.00","0.00","0.00","0.00","1000-01-01","1900-01-01","106895.00","1.000","1.000","0.00","Jayco NORTH POINT 381CKRE","-186.06","0.00","-186.06","0.00","0.00","0.00",250074009,"majorunit","0.00","0.00","0.00","0.00","0.00",NULL,"0.00",NULL,NULL,NULL,NULL,False,False,NULL,NULL,"76226216","JOR",NULL,NULL,NULL,NULL,""
"2992",NULL,NULL,NULL,"JOR","Jayco","EAGLE","355MBQS","FW","New","L00079","",2025,46005,"","106555.00","84495.00","In Inventory","0.00","0.00","","0.00","0.00","0.00","0.00","1000-01-01","1900-01-01","84395.00","1.000","1.000","0.00","Jayco EAGLE 355MBQS","-186.06","0.00","-186.06","0.00","0.00","0.00",250073943,"majorunit","0.00","0.00","0.00","0.00","0.00",NULL,"0.00",NULL,NULL,NULL,NULL,False,False,NULL,NULL,"76226216","JOR",NULL,NULL,NULL,NULL,""
"2982",NULL,NULL,NULL,"JOR","Jayco","NORTH POINT","387FBTS","FW","New","L00088","",2025,46005,"","137393.00","102995.00","In Inventory","0.00","0.00","","0.00","0.00","0.00","0.00","1000-01-01","1900-01-01","102895.00","1.000","1.000","0.00","Jayco NORTH POINT 387FBTS","-186.06","0.00","-186.06","0.00","0.00","0.00",250074023,"majorunit","0.00","0.00","0.00","0.00","0.00",NULL,"0.00",NULL,NULL,NULL,NULL,False,False,NULL,NULL,"76226216","JOR",NULL,NULL,NULL,NULL,""
"3026",NULL,NULL,NULL,"JOR","Jayco","EAGLE HT","29RLC","FW","New","L00072","",2025,46005,"","75249.00","58995.00","In Inventory","0.00","0.00","","0.00","0.00","0.00","0.00","1000-01-01","1900-01-01","58895.00","1.000","1.000","0.00","Jayco EAGLE HT 29RLC","-186.06","0.00","-186.06","0.00","0.00","0.00",250073848,"majorunit","0.00","0.00","0.00","0.00","0.00",NULL,"0.00",NULL,NULL,NULL,NULL,False,False,NULL,NULL,"76226216","JOR",NULL,NULL,NULL,NULL,""
"2970",NULL,NULL,NULL,"JOR","Jayco","EAGLE HT","31QCD","FW","New","L00075","",2025,46005,"","79749.00","61495.00","In Inventory","0.00","0.00","","0.00","0.00","0.00","0.00","1000-01-01","1900-01-01","61395.00","1.000","1.000","0.00","Jayco EAGLE HT 31QCD","-186.06","0.00","-186.06","0.00","0.00","0.00",250073885,"majorunit","0.00","0.00","0.00","0.00","0.00",NULL,"0.00",NULL,NULL,NULL,NULL,False,False,NULL,NULL,"76226216","JOR",NULL,NULL,NULL,NULL,""
"2968",NULL,NULL,NULL,"JOR","Jayco","EAGLE","370FBTS","FW","New","L00081","",2025,46005,"","103891.00","81995.00","In Inventory","0.00","0.00","","0.00","0.00","0.00","0.00","1000-01-01","1900-01-01","81895.00","1.000","1.000","0.00","Jayco EAGLE 370FBTS","-186.06","0.00","-186.06","0.00","0.00","0.00",250073956,"majorunit","0.00","0.00","0.00","0.00","0.00",NULL,"0.00",NULL,NULL,NULL,NULL,False,False,NULL,NULL,"76226216","JOR",NULL,NULL,NULL,NULL,""
"2088",NULL,NULL,NULL,"JOR","Jayco","EAGLE","360DBOK","FW","New","L00080","",2025,46005,"","103304.00","81495.00","In Inventory","0.00","0.00","","0.00","0.00","0.00","0.00","1000-01-01","1900-01-01","81395.00","1.000","1.000","0.00","Jayco EAGLE 360DBOK","-186.06","0.00","-186.06","0.00","0.00","0.00",250073951,"majorunit","0.00","0.00","0.00","0.00","0.00",NULL,"0.00",NULL,NULL,NULL,NULL,False,False,NULL,NULL,"76226216","JOR",NULL,NULL,NULL,NULL,""
"3025",NULL,NULL,NULL,"JOR","Jayco","EAGLE SLE","24MLE","FW","New","L00064","",2025,46005,"","55006.00","0.00","In Inventory","0.00","0.00","","0.00","0.00","0.00","0.00","1000-01-01","1900-01-01","0.00",NULL,NULL,"0.00","Jayco EAGLE SLE 24MLE","-186.06","0.00","-186.06","0.00","0.00","0.00",250073748,"majorunit","0.00","0.00","0.00","0.00","0.00",NULL,"0.00",NULL,NULL,NULL,NULL,False,False,NULL,NULL,"76226216","JOR",NULL,NULL,NULL,NULL,""
"2095",NULL,NULL,NULL,"JOR","Jayco","EAGLE HT","295RUCD","TT","New","L00061","",2025,46005,"","70966.00","54995.00","In Inventory","0.00","0.00","","0.00","0.00","0.00","0.00","1000-01-01","1900-01-01","54895.00","1.000","1.000","0.00","Jayco EAGLE HT 295RUCD","-186.06","0.00","-186.06","0.00","0.00","0.00",250073710,"majorunit","0.00","0.00","0.00","0.00","0.00",NULL,"0.00",NULL,NULL,NULL,NULL,False,False,NULL,NULL,"76226216","JOR",NULL,NULL,NULL,NULL,""
"2096",NULL,NULL,NULL,"JOR","Jayco","EAGLE HT","320MKTS","TT","New","L00063","",2025,46005,"","72466.00","47495.00","In Inventory","0.00","0.00","","0.00","0.00","0.00","0.00","1000-01-01","1900-01-01","0.00","1.000",NULL,"0.00","Jayco EAGLE HT 320MKTS","-186.06","0.00","-186.06","0.00","0.00","0.00",250073734,"majorunit","0.00","0.00","0.00","0.00","0.00",NULL,"0.00",NULL,NULL,NULL,NULL,False,False,NULL,NULL,"76226216","JOR",NULL,NULL,NULL,NULL,""
"3054",NULL,NULL,NULL,"JOR","Jayco","Jay Flight Bungalow","40LOFT","TT","New","L00054","",2025,46005,"","88022.00","74495.00","In Inventory","0.00","0.00","","0.00","0.00","0.00","0.00","1000-01-01","1900-01-01","74395.00","1.000","1.000","0.00","Jayco Jay Flight Bungalow 40LOFT","-186.06","0.00","-186.06","0.00","0.00","0.00",250073609,"majorunit","0.00","0.00","0.00","0.00","0.00",NULL,"0.00",NULL,NULL,NULL,NULL,False,False,NULL,NULL,"76226216","JOR",NULL,NULL,NULL,NULL,""
"3045",NULL,NULL,NULL,"JOR","Jayco","JAY FLIGHT","265THW","TTTH","New","L00050","",2025,46005,"","43935.00","0.00","In Inventory","0.00","0.00","","0.00","0.00","0.00","0.00","1000-01-01","1900-01-01","0.00",NULL,NULL,"0.00","Jayco JAY FLIGHT 265THW","-186.06","0.00","-186.06","0.00","0.00","0.00",250073549,"majorunit","0.00","0.00","0.00","0.00","0.00",NULL,"0.00",NULL,NULL,NULL,NULL,False,False,NULL,NULL,"76226216","JOR",NULL,NULL,NULL,NULL,""
"3049",NULL,NULL,NULL,"JOR","Jayco","EAGLE HT","274FKDS","TT","New","L00058","",2025,46005,"","72173.00","55995.00","In Inventory","0.00","0.00","","0.00","0.00","0.00","0.00","1000-01-01","1900-01-01","55895.00","1.000","1.000","0.00","Jayco EAGLE HT 274FKDS","-186.06","0.00","-186.06","0.00","0.00","0.00",250073658,"majorunit","0.00","0.00","0.00","0.00","0.00",NULL,"0.00",NULL,NULL,NULL,NULL,False,False,NULL,NULL,"76226216","JOR",NULL,NULL,NULL,NULL,""
"3065",NULL,NULL,NULL,"JOR","Jayco","Jay Flight Bungalow","JayLoft","TT","New","L00056","",2025,46005,"","93518.00","72995.00","In Inventory","0.00","0.00","","0.00","0.00","0.00","0.00","1000-01-01","1900-01-01","0.00","1.000",NULL,"0.00","Jayco Jay Flight Bungalow JayLoft","-186.06","0.00","-186.06","0.00","0.00","0.00",250073636,"majorunit","0.00","0.00","0.00","0.00","0.00",NULL,"0.00",NULL,NULL,NULL,NULL,False,False,NULL,NULL,"76226216","JOR",NULL,NULL,NULL,NULL,""
"3029",NULL,NULL,NULL,"JOR","Jayco","JAY FLIGHT SLX","265BHSW","TT","New","L00042","",2025,46005,"","41543.00","0.00","In Inventory","0.00","0.00","","0.00","0.00","0.00","0.00","1000-01-01","1900-01-01","0.00",NULL,NULL,"0.00","Jayco JAY FLIGHT SLX 265BHSW","-186.06","0.00","-186.06","0.00","0.00","0.00",250073418,"majorunit","0.00","0.00","0.00","0.00","0.00",NULL,"0.00",NULL,NULL,NULL,NULL,False,False,NULL,NULL,"76226216","JOR",NULL,NULL,NULL,NULL,""
"3037",NULL,NULL,NULL,"JOR","Jayco","EAGLE HT","26REC","FW","New","L00067","",2025,46005,"","66249.00","50995.00","In Inventory","0.00","0.00","","0.00","0.00","0.00","0.00","1000-01-01","1900-01-01","50895.00","1.000","1.000","0.00","Jayco EAGLE HT 26REC","-186.06","0.00","-186.06","0.00","0.00","0.00",250073787,"majorunit","0.00","0.00","0.00","0.00","0.00",NULL,"0.00",NULL,NULL,NULL,NULL,False,False,NULL,NULL,"76226216","JOR",NULL,NULL,NULL,NULL,""
"3039",NULL,NULL,NULL,"JOR","Jayco","JAY FLIGHT SLX","175FQW","TT","New","L00033","",2025,46005,"","33368.00","0.00","In Inventory","0.00","0.00","","0.00","0.00","0.00","0.00","1000-01-01","1900-01-01","0.00",NULL,NULL,"0.00","Jayco JAY FLIGHT SLX 175FQW","-186.06","0.00","-186.06","0.00","0.00","0.00",250073268,"majorunit","0.00","0.00","0.00","0.00","0.00",NULL,"0.00",NULL,NULL,NULL,NULL,False,False,NULL,NULL,"76226216","JOR",NULL,NULL,NULL,NULL,""
"3070",NULL,NULL,NULL,"JOR","Jayco","JAY FEATHER","32RL","TT","New","L00028","",2025,46005,"","63300.00","50995.00","In Inventory","0.00","0.00","","0.00","0.00","0.00","0.00","1000-01-01","1900-01-01","50895.00","1.000","1.000","0.00","Jayco JAY FEATHER 32RL","-186.06","0.00","-186.06","0.00","0.00","0.00",250073162,"majorunit","0.00","0.00","0.00","0.00","0.00",NULL,"0.00",NULL,NULL,NULL,NULL,False,False,NULL,NULL,"76226216","JOR",NULL,NULL,NULL,NULL,""
"3014",NULL,NULL,NULL,"JOR","Jayco","EAGLE","317RLOK","FW","New","L00076","",2025,46005,"","100139.00","78995.00","In Inventory","0.00","0.00","","0.00","0.00","0.00","0.00","1000-01-01","1900-01-01","78895.00","1.000","1.000","0.00","Jayco EAGLE 317RLOK","-186.06","0.00","-186.06","0.00","0.00","0.00",250073895,"majorunit","0.00","0.00","0.00","0.00","0.00",NULL,"0.00",NULL,NULL,NULL,NULL,False,False,NULL,NULL,"76226216","JOR",NULL,NULL,NULL,NULL,""
"3023",NULL,NULL,NULL,"JOR","Jayco","EAGLE HT","30CRT","FW","New","L00073","",2025,46005,"","81249.00","62495.00","In Inventory","0.00","0.00","","0.00","0.00","0.00","0.00","1000-01-01","1900-01-01","62395.00","1.000","1.000","0.00","Jayco EAGLE HT 30CRT","-186.06","0.00","-186.06","0.00","0.00","0.00",250073860,"majorunit","0.00","0.00","0.00","0.00","0.00",NULL,"0.00",NULL,NULL,NULL,NULL,False,False,NULL,NULL,"76226216","JOR",NULL,NULL,NULL,NULL,""
"3017",NULL,NULL,NULL,"JOR","Jayco","EAGLE","321RSTS","FW","New","L00077","",2025,46005,"","98983.00","77995.00","In Inventory","0.00","0.00","","0.00","0.00","0.00","0.00","1000-01-01","1900-01-01","77895.00","1.000","1.000","0.00","Jayco EAGLE 321RSTS","-186.06","0.00","-186.06","0.00","0.00","0.00",250073910,"majorunit","0.00","0.00","0.00","0.00","0.00",NULL,"0.00",NULL,NULL,NULL,NULL,False,False,NULL,NULL,"76226216","JOR",NULL,NULL,NULL,NULL,""
"3000",NULL,NULL,NULL,"JOR","Jayco","EAGLE HT","25RUC","FW","New","L00066","",2025,46005,"","66249.00","50995.00","In Inventory","0.00","0.00","","0.00","0.00","0.00","0.00","1000-01-01","1900-01-01","50895.00","1.000","1.000","0.00","Jayco EAGLE HT 25RUC","-186.06","0.00","-186.06","0.00","0.00","0.00",250073778,"majorunit","0.00","0.00","0.00","0.00","0.00",NULL,"0.00",NULL,NULL,NULL,NULL,False,False,NULL,NULL,"76226216","JOR",NULL,NULL,NULL,NULL,""
"3109",NULL,NULL,NULL,"JOR","Jayco","JAY FEATHER","22RB","TT","New","L00013","",2025,46005,"","53723.00","0.00","In Inventory","0.00","0.00","","0.00","0.00","0.00","0.00","1000-01-01","1900-01-01","41495.00",NULL,"1.000","0.00","Jayco JAY FEATHER 22RB","-186.06","0.00","-186.06","0.00","0.00","0.00",250072907,"majorunit","0.00","0.00","0.00","0.00","0.00",NULL,"0.00",NULL,NULL,NULL,NULL,False,False,NULL,NULL,"76226216","JOR",NULL,NULL,NULL,NULL,""
"3081",NULL,NULL,NULL,"JOR","Jayco","JAY FLIGHT SLX","263BHSW","TT","New","L00041","",2025,46005,"","42143.00","0.00","In Inventory","0.00","0.00","","0.00","0.00","0.00","0.00","1000-01-01","1900-01-01","0.00",NULL,NULL,"0.00","Jayco JAY FLIGHT SLX 263BHSW","-186.06","0.00","-186.06","0.00","0.00","0.00",250073403,"majorunit","0.00","0.00","0.00","0.00","0.00",NULL,"0.00",NULL,NULL,NULL,NULL,False,False,NULL,NULL,"76226216","JOR",NULL,NULL,NULL,NULL,""
"3010",NULL,NULL,NULL,"JOR","Jayco","EAGLE HT","294CKBS","TT","New","L00060","",2025,46005,"","76231.00","59995.00","In Inventory","0.00","0.00","","0.00","0.00","0.00","0.00","1000-01-01","1900-01-01","59895.00","1.000","1.000","0.00","Jayco EAGLE HT 294CKBS","-186.06","0.00","-186.06","0.00","0.00","0.00",250073696,"majorunit","0.00","0.00","0.00","0.00","0.00",NULL,"0.00",NULL,NULL,NULL,NULL,False,False,NULL,NULL,"76226216","JOR",NULL,NULL,NULL,NULL,""
"3035",NULL,NULL,NULL,"JOR","Jayco","EAGLE SLE","28BHU","FW","New","L00065","",2025,46005,"","57991.00","0.00","In Inventory","0.00","0.00","","0.00","0.00","0.00","0.00","1000-01-01","1900-01-01","0.00",NULL,NULL,"0.00","Jayco EAGLE SLE 28BHU","-186.06","0.00","-186.06","0.00","0.00","0.00",250073762,"majorunit","0.00","0.00","0.00","0.00","0.00",NULL,"0.00",NULL,NULL,NULL,NULL,False,False,NULL,NULL,"76226216","JOR",NULL,NULL,NULL,NULL,""
"3055",NULL,NULL,NULL,"JOR","Jayco","JAY FLIGHT SLX","262RLSW","TT","New","L00040","",2025,46005,"","40656.00","0.00","In Inventory","0.00","0.00","","0.00","0.00","0.00","0.00","1000-01-01","1900-01-01","0.00",NULL,NULL,"0.00","Jayco JAY FLIGHT SLX 262RLSW","-186.06","0.00","-186.06","0.00","0.00","0.00",250073382,"majorunit","0.00","0.00","0.00","0.00","0.00",NULL,"0.00",NULL,NULL,NULL,NULL,False,False,NULL,NULL,"76226216","JOR",NULL,NULL,NULL,NULL,""
"2993",NULL,NULL,NULL,"JOR","Jayco","EAGLE HT","29CBD","FW","New","L00070","",2025,46005,"","79749.00","61495.00","In Inventory","0.00","0.00","","0.00","0.00","0.00","0.00","1000-01-01","1900-01-01","61395.00","1.000","1.000","0.00","Jayco EAGLE HT 29CBD","-186.06","0.00","-186.06","0.00","0.00","0.00",250073828,"majorunit","0.00","0.00","0.00","0.00","0.00",NULL,"0.00",NULL,NULL,NULL,NULL,False,False,NULL,NULL,"76226216","JOR",NULL,NULL,NULL,NULL,""
"3024",NULL,NULL,NULL,"JOR","Jayco","Jay Flight Bungalow","40RLTS","TT","New","L00055","",2025,46005,"","86018.00","72495.00","In Inventory","0.00","0.00","","0.00","0.00","0.00","0.00","1000-01-01","1900-01-01","72395.00","1.000","1.000","0.00","Jayco Jay Flight Bungalow 40RLTS","-186.06","0.00","-186.06","0.00","0.00","0.00",250073622,"majorunit","0.00","0.00","0.00","0.00","0.00",NULL,"0.00",NULL,NULL,NULL,NULL,False,False,NULL,NULL,"76226216","JOR",NULL,NULL,NULL,NULL,""
"2097",NULL,NULL,NULL,"JOR","Jayco","JAY FLIGHT","267BHSW","TT","New","L00051","",2025,46005,"","43848.00","0.00","In Inventory","0.00","0.00","","0.00","0.00","0.00","0.00","1000-01-01","1900-01-01","0.00",NULL,NULL,"0.00","Jayco JAY FLIGHT 267BHSW","-186.06","0.00","-186.06","0.00","0.00","0.00",250073566,"majorunit","0.00","0.00","0.00","0.00","0.00",NULL,"0.00",NULL,NULL,NULL,NULL,False,False,NULL,NULL,"76226216","JOR",NULL,NULL,NULL,NULL,""
"3100",NULL,NULL,NULL,"JOR","Jayco","JAY FLIGHT SLX","175BHW","TT","New","L00032","",2025,46005,"","33368.00","17995.00","In Inventory","0.00","0.00","","0.00","0.00","0.00","0.00","1000-01-01","1900-01-01","17895.00","1.000","1.000","0.00","Jayco JAY FLIGHT SLX 175BHW","-186.06","0.00","-186.06","0.00","0.00","0.00",250073241,"majorunit","0.00","0.00","0.00","0.00","0.00",NULL,"0.00",NULL,NULL,NULL,NULL,False,False,NULL,NULL,"76226216","JOR",NULL,NULL,NULL,NULL,""
"2098",NULL,NULL,NULL,"JOR","Jayco","JAY FLIGHT","286BHSW","TT","New","L00052","",2025,46005,"","43943.00","0.00","In Inventory","0.00","0.00","","0.00","0.00","0.00","0.00","1000-01-01","1900-01-01","0.00",NULL,NULL,"0.00","Jayco JAY FLIGHT 286BHSW","-186.06","0.00","-186.06","0.00","0.00","0.00",250073577,"majorunit","0.00","0.00","0.00","0.00","0.00",NULL,"0.00",NULL,NULL,NULL,NULL,False,False,NULL,NULL,"76226216","JOR",NULL,NULL,NULL,NULL,""
"3032",NULL,NULL,NULL,"JOR","Jayco","Jay Flight Bungalow","40DLFT","TT","New","L00053","",2025,46005,"","92468.00","77995.00","In Inventory","0.00","0.00","","0.00","0.00","0.00","0.00","1000-01-01","1900-01-01","77895.00","1.000","1.000","0.00","Jayco Jay Flight Bungalow 40DLFT","-186.06","0.00","-186.06","0.00","0.00","0.00",250073597,"majorunit","0.00","0.00","0.00","0.00","0.00",NULL,"0.00",NULL,NULL,NULL,NULL,False,False,NULL,NULL,"76226216","JOR",NULL,NULL,NULL,NULL,""
"3043",NULL,NULL,NULL,"JOR","Jayco","EAGLE HT","284BHOK","TT","New","L00059","",2025,46005,"","71914.00","55995.00","In Inventory","0.00","0.00","","0.00","0.00","0.00","0.00","1000-01-01","1900-01-01","55895.00","1.000","1.000","0.00","Jayco EAGLE HT 284BHOK","-186.06","0.00","-186.06","0.00","0.00","0.00",250073674,"majorunit","0.00","0.00","0.00","0.00","0.00",NULL,"0.00",NULL,NULL,NULL,NULL,False,False,NULL,NULL,"76226216","JOR",NULL,NULL,NULL,NULL,""
"3095",NULL,NULL,NULL,"JOR","Jayco","JAY FEATHER","27RK","TT","New","L00022","",2025,46005,"","58253.00","0.00","In Inventory","0.00","0.00","","0.00","0.00","0.00","0.00","1000-01-01","1900-01-01","42995.00",NULL,"1.000","0.00","Jayco JAY FEATHER 27RK","-186.06","0.00","-186.06","0.00","0.00","0.00",250073068,"majorunit","0.00","0.00","0.00","0.00","0.00",NULL,"0.00",NULL,NULL,NULL,NULL,False,False,NULL,NULL,"76226216","JOR",NULL,NULL,NULL,NULL,""
"3102",NULL,NULL,NULL,"JOR","Jayco","JAY FEATHER","23RK","TT","New","L00014","",2025,46005,"","52718.00","41995.00","In Inventory","0.00","0.00","","0.00","0.00","0.00","0.00","1000-01-01","1900-01-01","41895.00","1.000","1.000","0.00","Jayco JAY FEATHER 23RK","-186.06","0.00","-186.06","0.00","0.00","0.00",250072924,"majorunit","0.00","0.00","0.00","0.00","0.00",NULL,"0.00",NULL,NULL,NULL,NULL,False,False,NULL,NULL,"76226216","JOR",NULL,NULL,NULL,NULL,""
"3053",NULL,NULL,NULL,"JOR","Jayco","JAY FLIGHT","236THW","TTTH","New","L00046","",2025,46005,"","43343.00","0.00","In Inventory","0.00","0.00","","0.00","0.00","0.00","0.00","1000-01-01","1900-01-01","0.00",NULL,NULL,"0.00","Jayco JAY FLIGHT 236THW","-186.06","0.00","-186.06","0.00","0.00","0.00",250073476,"majorunit","0.00","0.00","0.00","0.00","0.00",NULL,"0.00",NULL,NULL,NULL,NULL,False,False,NULL,NULL,"76226216","JOR",NULL,NULL,NULL,NULL,""
"3090",NULL,NULL,NULL,"JOR","Jayco","JAY FLIGHT SLX","211MBW","TT","New","L00037","",2025,46005,"","33593.00","0.00","In Inventory","0.00","0.00","","0.00","0.00","0.00","0.00","1000-01-01","1900-01-01","0.00",NULL,NULL,"0.00","Jayco JAY FLIGHT SLX 211MBW","-186.06","0.00","-186.06","0.00","0.00","0.00",250073338,"majorunit","0.00","0.00","0.00","0.00","0.00",NULL,"0.00",NULL,NULL,NULL,NULL,False,False,NULL,NULL,"76226216","JOR",NULL,NULL,NULL,NULL,""
"3059",NULL,NULL,NULL,"JOR","Jayco","JAY FLIGHT","265RLSW","TT","New","L00049","",2025,46005,"","47685.00","0.00","In Inventory","0.00","0.00","","0.00","0.00","0.00","0.00","1000-01-01","1900-01-01","0.00",NULL,NULL,"0.00","Jayco JAY FLIGHT 265RLSW","-186.06","0.00","-186.06","0.00","0.00","0.00",250073523,"majorunit","0.00","0.00","0.00","0.00","0.00",NULL,"0.00",NULL,NULL,NULL,NULL,False,False,NULL,NULL,"76226216","JOR",NULL,NULL,NULL,NULL,""
"3071",NULL,NULL,NULL,"JOR","Jayco","JAY FLIGHT SLX","287BHSW","TT","New","L00043","",2025,46005,"","43493.00","0.00","In Inventory","0.00","0.00","","0.00","0.00","0.00","0.00","1000-01-01","1900-01-01","0.00",NULL,NULL,"0.00","Jayco JAY FLIGHT SLX 287BHSW","-186.06","0.00","-186.06","0.00","0.00","0.00",250073435,"majorunit","0.00","0.00","0.00","0.00","0.00",NULL,"0.00",NULL,NULL,NULL,NULL,False,False,NULL,NULL,"76226216","JOR",NULL,NULL,NULL,NULL,""
"3106",NULL,NULL,NULL,"JOR","Jayco","Jay Feather Micro","173MRB","TT","New","L00003","",2025,46005,"","43718.00","33495.00","In Inventory","0.00","0.00","","0.00","0.00","0.00","0.00","1000-01-01","1900-01-01","33395.00","1.000","1.000","0.00","Jayco Jay Feather Micro 173MRB","-186.06","0.00","-186.06","0.00","0.00","0.00",250072753,"majorunit","0.00","0.00","0.00","0.00","0.00",NULL,"0.00",NULL,NULL,NULL,NULL,False,False,NULL,NULL,"76226216","JOR",NULL,NULL,NULL,NULL,""
"2748",NULL,NULL,NULL,"SSD","FOREST RIVER","CEDAR CREEK","31IK","FW","Used","101562A","4x4FCRG22LS223608",2020,46005,"","0.00","0.00","In Inventory","0.00","0.00","","33760.00","0.00","0.00","0.00","1000-01-01","1900-01-01","0.00",NULL,NULL,"33760.00","FOREST RIVER CEDAR CREEK 31IK","-186.06","33760.00","-33946.06","0.00","0.00","0.00",252553286,"majorunit","0.00","0.00","0.00","0.00","0.00",NULL,"0.00",NULL,NULL,NULL,NULL,False,False,NULL,NULL,"800540","SSD",NULL,NULL,NULL,NULL,""
"3056",NULL,NULL,NULL,"JOR","Jayco","JAY FLIGHT","240RBSW","TT","New","L00047","",2025,46005,"","45960.00","0.00","In Inventory","0.00","0.00","","0.00","0.00","0.00","0.00","1000-01-01","1900-01-01","0.00",NULL,NULL,"0.00","Jayco JAY FLIGHT 240RBSW","-186.06","0.00","-186.06","0.00","0.00","0.00",250073495,"majorunit","0.00","0.00","0.00","0.00","0.00",NULL,"0.00",NULL,NULL,NULL,NULL,False,False,NULL,NULL,"76226216","JOR",NULL,NULL,NULL,NULL,""
"3083",NULL,NULL,NULL,"JOR","Jayco","JAY FEATHER","25RB","TT","New","L00017","",2025,46005,"","52373.00","38995.00","In Inventory","0.00","0.00","","0.00","0.00","0.00","0.00","1000-01-01","1900-01-01","38895.00","1.000","1.000","0.00","Jayco JAY FEATHER 25RB","-186.06","0.00","-186.06","0.00","0.00","0.00",250072973,"majorunit","0.00","0.00","0.00","0.00","0.00",NULL,"0.00",NULL,NULL,NULL,NULL,False,False,NULL,NULL,"76226216","JOR",NULL,NULL,NULL,NULL,""
"3085",NULL,NULL,NULL,"JOR","Jayco","JAY FEATHER","26RL","TT","New","L00019","",2025,46005,"","54518.00","43495.00","In Inventory","0.00","0.00","","0.00","0.00","0.00","0.00","1000-01-01","1900-01-01","43395.00","1.000","1.000","0.00","Jayco JAY FEATHER 26RL","-186.06","0.00","-186.06","0.00","0.00","0.00",250073009,"majorunit","0.00","0.00","0.00","0.00","0.00",NULL,"0.00",NULL,NULL,NULL,NULL,False,False,NULL,NULL,"76226216","JOR",NULL,NULL,NULL,NULL,""
"3089",NULL,NULL,NULL,"JOR","Jayco","JAY FEATHER","26FK","TT","New","L00018","",2025,46005,"","59535.00","45495.00","In Inventory","0.00","0.00","","0.00","0.00","0.00","0.00","1000-01-01","1900-01-01","45395.00","1.000","1.000","0.00","Jayco JAY FEATHER 26FK","-186.06","0.00","-186.06","0.00","0.00","0.00",250072992,"majorunit","0.00","0.00","0.00","0.00","0.00",NULL,"0.00",NULL,NULL,NULL,NULL,False,False,NULL,NULL,"76226216","JOR",NULL,NULL,NULL,NULL,""
"3068",NULL,NULL,NULL,"JOR","Jayco","JAY FLIGHT","225MLSW","TT","New","L00044","",2025,46005,"","41243.00","0.00","In Inventory","0.00","0.00","","0.00","0.00","0.00","0.00","1000-01-01","1900-01-01","0.00",NULL,NULL,"0.00","Jayco JAY FLIGHT 225MLSW","-186.06","0.00","-186.06","0.00","0.00","0.00",250073447,"majorunit","0.00","0.00","0.00","0.00","0.00",NULL,"0.00",NULL,NULL,NULL,NULL,False,False,NULL,NULL,"76226216","JOR",NULL,NULL,NULL,NULL,""
"2091",NULL,NULL,NULL,"JOR","Jayco","EAGLE HT","230MLCS","TT","New","L00057","",2025,46005,"","58748.00","45995.00","In Inventory","0.00","0.00","","0.00","0.00","0.00","0.00","1000-01-01","1900-01-01","45895.00","1.000","1.000","0.00","Jayco EAGLE HT 230MLCS","-186.06","0.00","-186.06","0.00","0.00","0.00",250073642,"majorunit","0.00","0.00","0.00","0.00","0.00",NULL,"0.00",NULL,NULL,NULL,NULL,False,False,NULL,NULL,"76226216","JOR",NULL,NULL,NULL,NULL,""
"599",NULL,NULL,NULL,"CMI","","COUGAR","23MLE","TT","New","00001","4YDFCGL29SV502385",2025,46005,"","0.00","0.00","In Inventory","0.00","0.00","","0.00","0.00","0.00","0.00","1000-01-01","1900-01-01","0.00",NULL,NULL,"0.00"," COUGAR 23MLE","-186.06","0.00","-186.06","0.00","0.00","0.00",252404718,"majorunit","0.00","0.00","0.00","0.00","0.00",NULL,"0.00",NULL,NULL,NULL,NULL,False,False,NULL,NULL,"76229098","CMI",NULL,NULL,NULL,NULL,""
"2108",NULL,NULL,NULL,"JOR","Jayco","Jay Feather Micro","183FBS","TT","New","L00004","",2025,46005,"","45293.00","0.00","In Inventory","0.00","0.00","","0.00","0.00","0.00","0.00","1000-01-01","1900-01-01","0.00",NULL,NULL,"0.00","Jayco Jay Feather Micro 183FBS","-186.06","0.00","-186.06","0.00","0.00","0.00",250072772,"majorunit","0.00","0.00","0.00","0.00","0.00",NULL,"0.00",NULL,NULL,NULL,NULL,False,False,NULL,NULL,"76226216","JOR",NULL,NULL,NULL,NULL,""
"3103",NULL,NULL,NULL,"JOR","Jayco","JAY FEATHER","27BH","TT","New","L00020","",2025,46005,"","57695.00","41995.00","In Inventory","0.00","0.00","","0.00","0.00","0.00","0.00","1000-01-01","1900-01-01","41895.00","1.000","1.000","0.00","Jayco JAY FEATHER 27BH","-186.06","0.00","-186.06","0.00","0.00","0.00",250073026,"majorunit","0.00","0.00","0.00","0.00","0.00",NULL,"0.00",NULL,NULL,NULL,NULL,False,False,NULL,NULL,"76226216","JOR",NULL,NULL,NULL,NULL,""
"3131",NULL,NULL,NULL,"JOR","Jayco","Jay Feather Air","16RB","TT","New","L00008","",2025,46005,"","40043.00","33995.00","In Inventory","0.00","0.00","","0.00","0.00","0.00","0.00","1000-01-01","1900-01-01","33895.00","1.000","1.000","0.00","Jayco Jay Feather Air 16RB","-186.06","0.00","-186.06","0.00","0.00","0.00",250081729,"majorunit","0.00","0.00","0.00","0.00","0.00",NULL,"0.00",NULL,NULL,NULL,NULL,False,False,NULL,NULL,"76226216","JOR",NULL,NULL,NULL,NULL,""
"6260",5538,"LTT-RB","LTT-RB1PSX","CRD","WAYFINDER","GO EXPLORE","X203","TT","New","97562","5RXMB2628S1548676",2025,46005,"","0.00","0.00","In Inventory","4685.00","0.00","SO1517005","23399.00","0.00","0.00","0.00","1000-01-01","1900-01-01","0.00",NULL,NULL,"23399.00","WAYFINDER GO EXPLORE X203","-186.06","23399.00","-23585.06","0.00","0.00","0.00",251210197,"majorunit","0.00","0.00","0.00","0.00","0.00",NULL,"4685.00",621,"EAST",NULL,NULL,False,False,NULL,NULL,"76179603","CRD",NULL,NULL,NULL,NULL,"5538"
"3072",NULL,NULL,NULL,"JOR","Jayco","JAY FEATHER","31BH","TT","New","L00026","",2025,46005,"","66473.00","53995.00","In Inventory","0.00","0.00","","0.00","0.00","0.00","0.00","1000-01-01","1900-01-01","53895.00","1.000","1.000","0.00","Jayco JAY FEATHER 31BH","-186.06","0.00","-186.06","0.00","0.00","0.00",250073135,"majorunit","0.00","0.00","0.00","0.00","0.00",NULL,"0.00",NULL,NULL,NULL,NULL,False,False,NULL,NULL,"76226216","JOR",NULL,NULL,NULL,NULL,""
"3007",NULL,NULL,NULL,"JOR","Jayco","EAGLE HT","28CRT","FW","New","L00069","",2025,46005,"","81249.00","62495.00","In Inventory","0.00","0.00","","0.00","0.00","0.00","0.00","1000-01-01","1900-01-01","62395.00","1.000","1.000","0.00","Jayco EAGLE HT 28CRT","-186.06","0.00","-186.06","0.00","0.00","0.00",250073822,"majorunit","0.00","0.00","0.00","0.00","0.00",NULL,"0.00",NULL,NULL,NULL,NULL,False,False,NULL,NULL,"76226216","JOR",NULL,NULL,NULL,NULL,""
"2102",NULL,NULL,NULL,"JOR","Jayco","JAY FLIGHT SLX","210QBW","TT","New","L00036","",2025,46005,"","33156.00","0.00","In Inventory","0.00","0.00","","0.00","0.00","0.00","0.00","1000-01-01","1900-01-01","0.00",NULL,NULL,"0.00","Jayco JAY FLIGHT SLX 210QBW","-186.06","0.00","-186.06","0.00","0.00","0.00",250073319,"majorunit","0.00","0.00","0.00","0.00","0.00",NULL,"0.00",NULL,NULL,NULL,NULL,False,False,NULL,NULL,"76226216","JOR",NULL,NULL,NULL,NULL,""
"3073",NULL,NULL,NULL,"JOR","Jayco","JAY FLIGHT SLX","170FQW","TT","New","L00031","",2025,46005,"","29243.00","0.00","In Inventory","0.00","0.00","","0.00","0.00","0.00","0.00","1000-01-01","1900-01-01","0.00",NULL,NULL,"0.00","Jayco JAY FLIGHT SLX 170FQW","-186.06","0.00","-186.06","0.00","0.00","0.00",250073225,"majorunit","0.00","0.00","0.00","0.00","0.00",NULL,"0.00",NULL,NULL,NULL,NULL,False,False,NULL,NULL,"76226216","JOR",NULL,NULL,NULL,NULL,""
"3107",NULL,NULL,NULL,"JOR","Jayco","JAY FEATHER","21MML","TT","New","L00012","",2025,46005,"","50228.00","36995.00","In Inventory","0.00","0.00","","0.00","0.00","0.00","0.00","1000-01-01","1900-01-01","36895.00","1.000","1.000","0.00","Jayco JAY FEATHER 21MML","-186.06","0.00","-186.06","0.00","0.00","0.00",250072886,"majorunit","0.00","0.00","0.00","0.00","0.00",NULL,"0.00",NULL,NULL,NULL,NULL,False,False,NULL,NULL,"76226216","JOR",NULL,NULL,NULL,NULL,""
"2106",NULL,NULL,NULL,"JOR","Jayco","JAY FLIGHT SLX","160LKW","TT","New","L00029","",2025,46005,"","36368.00","0.00","In Inventory","0.00","0.00","","0.00","0.00","0.00","0.00","1000-01-01","1900-01-01","0.00",NULL,NULL,"0.00","Jayco JAY FLIGHT SLX 160LKW","-186.06","0.00","-186.06","0.00","0.00","0.00",250073180,"majorunit","0.00","0.00","0.00","0.00","0.00",NULL,"0.00",NULL,NULL,NULL,NULL,False,False,NULL,NULL,"76226216","JOR",NULL,NULL,NULL,NULL,""
"3046",NULL,NULL,NULL,"JOR","Jayco","JAY FLIGHT SLX","197MBW","TT","New","L00034","",2025,46005,"","37868.00","0.00","In Inventory","0.00","0.00","","0.00","0.00","0.00","0.00","1000-01-01","1900-01-01","0.00",NULL,NULL,"0.00","Jayco JAY FLIGHT SLX 197MBW","-186.06","0.00","-186.06","0.00","0.00","0.00",250073280,"majorunit","0.00","0.00","0.00","0.00","0.00",NULL,"0.00",NULL,NULL,NULL,NULL,False,False,NULL,NULL,"76226216","JOR",NULL,NULL,NULL,NULL,""
"3139",NULL,NULL,NULL,"JOR","Jayco","Jay Feather Air","15MRB","TT","New","L00007","",2025,46005,"","37118.00","0.00","In Inventory","0.00","0.00","","0.00","0.00","0.00","0.00","1000-01-01","1900-01-01","0.00",NULL,NULL,"0.00","Jayco Jay Feather Air 15MRB","-186.06","0.00","-186.06","0.00","0.00","0.00",250081726,"majorunit","0.00","0.00","0.00","0.00","0.00",NULL,"0.00",NULL,NULL,NULL,NULL,False,False,NULL,NULL,"76226216","JOR",NULL,NULL,NULL,NULL,""
"3114",NULL,NULL,NULL,"JOR","Jayco","Jay Feather Micro","171BH","TT","New","L00002","",2025,46005,"","43335.00","34495.00","In Inventory","0.00","0.00","","0.00","0.00","0.00","0.00","1000-01-01","1900-01-01","34395.00","1.000","1.000","0.00","Jayco Jay Feather Micro 171BH","-186.06","0.00","-186.06","0.00","0.00","0.00",250072734,"majorunit","0.00","0.00","0.00","0.00","0.00",NULL,"0.00",NULL,NULL,NULL,NULL,False,False,NULL,NULL,"76226216","JOR",NULL,NULL,NULL,NULL,""
"3077",NULL,NULL,NULL,"JOR","Jayco","JAY FLIGHT SLX","261BHSW","TT","New","L00039","",2025,46005,"","40656.00","0.00","In Inventory","0.00","0.00","","0.00","0.00","0.00","0.00","1000-01-01","1900-01-01","0.00",NULL,NULL,"0.00","Jayco JAY FLIGHT SLX 261BHSW","-186.06","0.00","-186.06","0.00","0.00","0.00",250073374,"majorunit","0.00","0.00","0.00","0.00","0.00",NULL,"0.00",NULL,NULL,NULL,NULL,False,False,NULL,NULL,"76226216","JOR",NULL,NULL,NULL,NULL,""
"3050",NULL,NULL,NULL,"JOR","Jayco","JAY FLIGHT SLX","200MKSW","TT","New","L00035","",2025,46005,"","38243.00","0.00","In Inventory","0.00","0.00","","0.00","0.00","0.00","0.00","1000-01-01","1900-01-01","0.00",NULL,NULL,"0.00","Jayco JAY FLIGHT SLX 200MKSW","-186.06","0.00","-186.06","0.00","0.00","0.00",250073302,"majorunit","0.00","0.00","0.00","0.00","0.00",NULL,"0.00",NULL,NULL,NULL,NULL,False,False,NULL,NULL,"76226216","JOR",NULL,NULL,NULL,NULL,""
"3042",NULL,NULL,NULL,"JOR","Jayco","JAY FLIGHT","235MBHW","TT","New","L00045","",2025,46005,"","40943.00","0.00","In Inventory","0.00","0.00","","0.00","0.00","0.00","0.00","1000-01-01","1900-01-01","0.00",NULL,NULL,"0.00","Jayco JAY FLIGHT 235MBHW","-186.06","0.00","-186.06","0.00","0.00","0.00",250073460,"majorunit","0.00","0.00","0.00","0.00","0.00",NULL,"0.00",NULL,NULL,NULL,NULL,False,False,NULL,NULL,"76226216","JOR",NULL,NULL,NULL,NULL,""
"3052",NULL,NULL,NULL,"JOR","Jayco","JAY FLIGHT SLX","260BHW","TT","New","L00038","",2025,46005,"","33156.00","0.00","In Inventory","0.00","0.00","","0.00","0.00","0.00","0.00","1000-01-01","1900-01-01","0.00",NULL,NULL,"0.00","Jayco JAY FLIGHT SLX 260BHW","-186.06","0.00","-186.06","0.00","0.00","0.00",250073350,"majorunit","0.00","0.00","0.00","0.00","0.00",NULL,"0.00",NULL,NULL,NULL,NULL,False,False,NULL,NULL,"76226216","JOR",NULL,NULL,NULL,NULL,""
"3082",NULL,NULL,NULL,"JOR","Jayco","Jay Feather Micro","199MBS","TT","New","L00005","",2025,46005,"","48135.00","36995.00","In Inventory","0.00","0.00","","0.00","0.00","0.00","0.00","1000-01-01","1900-01-01","36895.00","1.000","1.000","0.00","Jayco Jay Feather Micro 199MBS","-186.06","0.00","-186.06","0.00","0.00","0.00",250072788,"majorunit","0.00","0.00","0.00","0.00","0.00",NULL,"0.00",NULL,NULL,NULL,NULL,False,False,NULL,NULL,"76226216","JOR",NULL,NULL,NULL,NULL,""
"3121",NULL,NULL,NULL,"JOR","Jayco","Jay Feather Air","15BH","TT","New","L00006","",2025,46005,"","0.00","0.00","In Inventory","0.00","0.00","","0.00","0.00","0.00","0.00","1000-01-01","1900-01-01","0.00",NULL,NULL,"0.00","Jayco Jay Feather Air 15BH","-186.06","0.00","-186.06","0.00","0.00","0.00",250081723,"majorunit","0.00","0.00","0.00","0.00","0.00",NULL,"0.00",NULL,NULL,NULL,NULL,False,False,NULL,NULL,"76226216","JOR",NULL,NULL,NULL,NULL,""
"3078",NULL,NULL,NULL,"JOR","Jayco","JAY FEATHER","24RL","TT","New","L00016","",2025,46005,"","52298.00","0.00","In Inventory","0.00","0.00","","0.00","0.00","0.00","0.00","1000-01-01","1900-01-01","40495.00",NULL,"1.000","0.00","Jayco JAY FEATHER 24RL","-186.06","0.00","-186.06","0.00","0.00","0.00",250072956,"majorunit","0.00","0.00","0.00","0.00","0.00",NULL,"0.00",NULL,NULL,NULL,NULL,False,False,NULL,NULL,"76226216","JOR",NULL,NULL,NULL,NULL,""
"2110",NULL,NULL,NULL,"JOR","JAYCO","JAY FEATHER MICRO","166FBS","TT","New","L00001","",2025,46005,"","44093.00","34995.00","In Inventory","0.00","0.00","","0.00","0.00","0.00","0.00","1000-01-01","1900-01-01","34895.00","1.000","1.000","0.00","JAYCO JAY FEATHER MICRO 166FBS","-186.06","0.00","-186.06","0.00","0.00","0.00",250071862,"majorunit","0.00","0.00","0.00","0.00","0.00",NULL,"0.00",NULL,NULL,NULL,NULL,False,False,NULL,NULL,"76226216","JOR",NULL,NULL,NULL,NULL,""
"3066",NULL,NULL,NULL,"JOR","Jayco","JAY FEATHER","29QBH","TT","New","L00025","",2025,46005,"","60743.00","45995.00","In Inventory","0.00","0.00","","0.00","0.00","0.00","0.00","1000-01-01","1900-01-01","45895.00","1.000","1.000","0.00","Jayco JAY FEATHER 29QBH","-186.06","0.00","-186.06","0.00","0.00","0.00",250073114,"majorunit","0.00","0.00","0.00","0.00","0.00",NULL,"0.00",NULL,NULL,NULL,NULL,False,False,NULL,NULL,"76226216","JOR",NULL,NULL,NULL,NULL,""
"3030",NULL,NULL,NULL,"JOR","Jayco","EAGLE HT","312BHOK","TT","New","L00062","",2025,46005,"","79148.00","62495.00","In Inventory","0.00","0.00","","0.00","0.00","0.00","0.00","1000-01-01","1900-01-01","62395.00","1.000","1.000","0.00","Jayco EAGLE HT 312BHOK","-186.06","0.00","-186.06","0.00","0.00","0.00",250073725,"majorunit","0.00","0.00","0.00","0.00","0.00",NULL,"0.00",NULL,NULL,NULL,NULL,False,False,NULL,NULL,"76226216","JOR",NULL,NULL,NULL,NULL,""
"3098",NULL,NULL,NULL,"JOR","Jayco","JAY FEATHER","29BHB","TT","New","L00024","",2025,46005,"","59018.00","43495.00","In Inventory","0.00","0.00","","0.00","0.00","0.00","0.00","1000-01-01","1900-01-01","43395.00","1.000","1.000","0.00","Jayco JAY FEATHER 29BHB","-186.06","0.00","-186.06","0.00","0.00","0.00",250073094,"majorunit","0.00","0.00","0.00","0.00","0.00",NULL,"0.00",NULL,NULL,NULL,NULL,False,False,NULL,NULL,"76226216","JOR",NULL,NULL,NULL,NULL,""
"6355",5541,"LTT-DDBH","LTT-DDBH2PS","CRD","WAYFINDER","GO EXPLORE","X252","TT","New","97538","5RXMB3229S1548679",2025,46005,"","0.00","0.00","In Inventory","4685.00","0.00","SO1517266","26150.00","0.00","0.00","0.00","1000-01-01","1900-01-01","0.00",NULL,NULL,"26150.00","WAYFINDER GO EXPLORE X252","-186.06","26150.00","-26336.06","0.00","0.00","0.00",251212092,"majorunit","0.00","0.00","0.00","0.00","0.00",NULL,"4685.00",621,"EAST",NULL,NULL,False,False,NULL,NULL,"76179603","CRD",NULL,NULL,NULL,NULL,"5541"
"3079",NULL,NULL,NULL,"JOR","Jayco","JAY FEATHER","24BH","TT","New","L00015","",2025,46005,"","54105.00","40495.00","In Inventory","0.00","0.00","","0.00","0.00","0.00","0.00","1000-01-01","1900-01-01","40395.00","1.000","1.000","0.00","Jayco JAY FEATHER 24BH","-186.06","0.00","-186.06","0.00","0.00","0.00",250072942,"majorunit","0.00","0.00","0.00","0.00","0.00",NULL,"0.00",NULL,NULL,NULL,NULL,False,False,NULL,NULL,"76226216","JOR",NULL,NULL,NULL,NULL,""
"4734",4133,"STT-DDBH","STT-DDBH2PS","CRD","WAYFINDER","GO PLAY","26BHSW","TT","New","91835","58TBP0BP6S77L3139",2025,46005,"","0.00","0.00","In Inventory","1705.00","0.00","004665782","20376.00","0.00","0.00","0.00","1000-01-01","1900-01-01","0.00",NULL,NULL,"20376.00","WAYFINDER GO PLAY 26BHSW","-186.06","20376.00","-20562.06","0.00","0.00","0.00",251210166,"majorunit","0.00","0.00","0.00","0.00","0.00",NULL,"1705.00",556,"WEST",NULL,NULL,False,False,NULL,NULL,"76179603","CRD",NULL,NULL,NULL,NULL,"4133"
"3101",NULL,NULL,NULL,"JOR","Jayco","JAY FLIGHT SLX","170BHW","TT","New","L00030","",2025,46005,"","29243.00","0.00","In Inventory","0.00","0.00","","0.00","0.00","0.00","0.00","1000-01-01","1900-01-01","0.00",NULL,NULL,"0.00","Jayco JAY FLIGHT SLX 170BHW","-186.06","0.00","-186.06","0.00","0.00","0.00",250073218,"majorunit","0.00","0.00","0.00","0.00","0.00",NULL,"0.00",NULL,NULL,NULL,NULL,False,False,NULL,NULL,"76226216","JOR",NULL,NULL,NULL,NULL,""
"3108",NULL,NULL,NULL,"JOR","Jayco","JAY FEATHER","21MBH","TT","New","L00011","",2025,46005,"","51068.00","37495.00","In Inventory","0.00","0.00","","0.00","0.00","0.00","0.00","1000-01-01","1900-01-01","37395.00","1.000","1.000","0.00","Jayco JAY FEATHER 21MBH","-186.06","0.00","-186.06","0.00","0.00","0.00",250072862,"majorunit","0.00","0.00","0.00","0.00","0.00",NULL,"0.00",NULL,NULL,NULL,NULL,False,False,NULL,NULL,"76226216","JOR",NULL,NULL,NULL,NULL,""
"3134",NULL,NULL,NULL,"JOR","Jayco","Jay Feather Air","18MBH","TT","New","L00009","",2025,46005,"","41985.00","35495.00","In Inventory","0.00","0.00","","0.00","0.00","0.00","0.00","1000-01-01","1900-01-01","35395.00","1.000","1.000","0.00","Jayco Jay Feather Air 18MBH","-186.06","0.00","-186.06","0.00","0.00","0.00",250081732,"majorunit","0.00","0.00","0.00","0.00","0.00",NULL,"0.00",NULL,NULL,NULL,NULL,False,False,NULL,NULL,"76226216","JOR",NULL,NULL,NULL,NULL,""
"3067",NULL,NULL,NULL,"JOR","Jayco","JAY FEATHER","28RB","TT","New","L00023","",2025,46005,"","57743.00","45995.00","In Inventory","0.00","0.00","","0.00","0.00","0.00","0.00","1000-01-01","1900-01-01","45895.00","1.000","1.000","0.00","Jayco JAY FEATHER 28RB","-186.06","0.00","-186.06","0.00","0.00","0.00",250073076,"majorunit","0.00","0.00","0.00","0.00","0.00",NULL,"0.00",NULL,NULL,NULL,NULL,False,False,NULL,NULL,"76226216","JOR",NULL,NULL,NULL,NULL,""
"3061",NULL,NULL,NULL,"JOR","Jayco","JAY FEATHER","27MK","TT","New","L00021","",2025,46005,"","60300.00","44995.00","In Inventory","0.00","0.00","","0.00","0.00","0.00","0.00","1000-01-01","1900-01-01","44895.00","1.000","1.000","0.00","Jayco JAY FEATHER 27MK","-186.06","0.00","-186.06","0.00","0.00","0.00",250073045,"majorunit","0.00","0.00","0.00","0.00","0.00",NULL,"0.00",NULL,NULL,NULL,NULL,False,False,NULL,NULL,"76226216","JOR",NULL,NULL,NULL,NULL,""
"5584",5312,"STT-DDBH","STT1A-DDBH1PS","CRD","WAYFINDER","GO PLAY","188BHSW","TT","New","90933","58TBP0AK6S7733082",2025,46005,"","0.00","0.00","In Inventory","508.75","0.00","4656573","15895.00","0.00","0.00","0.00","1000-01-01","1900-01-01","0.00",NULL,NULL,"15895.00","WAYFINDER GO PLAY 188BHSW","-186.06","15895.00","-16081.06","0.00","0.00","0.00",251210086,"majorunit","0.00","0.00","0.00","0.00","0.00",NULL,"508.75",556,"WEST",NULL,NULL,False,False,"Adventure RV California",3,"76179603","Adventure RV California",NULL,NULL,NULL,NULL,"5312"
"5515",5088,"STT-RL","STT-RL1PSX","CRD","WAYFINDER","GO PLAY","26RLSW","TT","New","90940","58TBP0BP5S77S3069",2025,46005,"","0.00","0.00","In Inventory","1705.00","0.00","4658972","23313.00","0.00","0.00","0.00","1000-01-01","1900-01-01","0.00",NULL,NULL,"23313.00","WAYFINDER GO PLAY 26RLSW","-186.06","23313.00","-23499.06","0.00","0.00","0.00",251210169,"majorunit","0.00","0.00","0.00","0.00","0.00",NULL,"1705.00",556,"WEST",NULL,NULL,False,False,NULL,NULL,"76179603","CRD",NULL,NULL,NULL,NULL,"5088"
"3091",NULL,NULL,NULL,"JOR","Jayco","JAY FEATHER","32QBH","TT","New","L00027","",2025,46005,"","64800.00","45995.00","In Inventory","0.00","0.00","","0.00","0.00","0.00","0.00","1000-01-01","1900-01-01","0.00","1.000",NULL,"0.00","Jayco JAY FEATHER 32QBH","-186.06","0.00","-186.06","0.00","0.00","0.00",250073143,"majorunit","0.00","0.00","0.00","0.00","0.00",NULL,"0.00",NULL,NULL,NULL,NULL,False,False,NULL,NULL,"76226216","JOR",NULL,NULL,NULL,NULL,""
"3105",NULL,NULL,NULL,"JOR","Jayco","JAY FEATHER","19MRK","TT","New","L00010","",2025,46005,"","48653.00","35495.00","In Inventory","0.00","0.00","","0.00","0.00","0.00","0.00","1000-01-01","1900-01-01","35395.00","1.000","1.000","0.00","Jayco JAY FEATHER 19MRK","-186.06","0.00","-186.06","0.00","0.00","0.00",250072841,"majorunit","0.00","0.00","0.00","0.00","0.00",NULL,"0.00",NULL,NULL,NULL,NULL,False,False,NULL,NULL,"76226216","JOR",NULL,NULL,NULL,NULL,""
"3130",NULL,NULL,NULL,"JOR","Jayco","PINNACLE","38SSWS","FW","New","L00095","",2025,46005,"","154936.00","116995.00","In Inventory","0.00","0.00","","0.00","0.00","0.00","0.00","1000-01-01","1900-01-01","116895.00","1.000","1.000","0.00","Jayco PINNACLE 38SSWS","-186.06","0.00","-186.06","0.00","0.00","0.00",250075347,"majorunit","0.00","0.00","0.00","0.00","0.00",NULL,"0.00",NULL,NULL,NULL,NULL,False,False,NULL,NULL,"76226216","JOR",NULL,NULL,NULL,NULL,""
